{"cameraMode":{"drawMode":0,"name":"Shaded","section":"Shading Mode"},"sceneLighting":true,"audioPlay":false,"sceneViewState":{"showFog":true,"showMaterialUpdate":false,"showSkybox":true,"showFlares":true,"showImageEffects":true,"showParticleSystems":true},"in2DMode":false,"pivot":{"x":-8.079395294189454,"y":-54.9676513671875,"z":-10.099822998046875},"rotation":{"x":-0.19215910136699677,"y":0.8007632493972778,"z":-0.4561610519886017,"w":-0.3373291492462158},"size":133.01217651367188,"orthographic":false}